Path,URL,Size in bytes (optional but recommended),MD5 Hash (optional but recommended),Filter Terms (optional),Overwrite (optional),Comments (optional)
docs/3DO/Manuals/20th Century Video Almanac.pdf,https://archive.org/download/mister-manuals/1993_3DO%20Interactive%20Multiplayer.zip/1993_3DO%20Interactive%20Multiplayer%2F20th%20Century%20Video%20Almanac.pdf,1916232,2baeb7fdeb9b10f3286beeab515fe147,,,20th Century Video Almanac.pdf
docs/3DO/Manuals/3D Atlas.pdf,https://archive.org/download/mister-manuals/1993_3DO%20Interactive%20Multiplayer.zip/1993_3DO%20Interactive%20Multiplayer%2F3D%20Atlas.pdf,3038283,4dee1fbd21017e416b0eef634a064b7b,,,3D Atlas.pdf
docs/3DO/Manuals/Advanced Dungeons & Dragons - DeathKeep.pdf,https://archive.org/download/mister-manuals/1993_3DO%20Interactive%20Multiplayer.zip/1993_3DO%20Interactive%20Multiplayer%2FAdvanced%20Dungeons%20%26%20Dragons%20-%20DeathKeep.pdf,3626749,d51f8e96d4d2e3eb23780cb2fe4d9154,,,Advanced Dungeons & Dragons - DeathKeep.pdf
docs/3DO/Manuals/Advanced Dungeons & Dragons - Slayer.pdf,https://archive.org/download/mister-manuals/1993_3DO%20Interactive%20Multiplayer.zip/1993_3DO%20Interactive%20Multiplayer%2FAdvanced%20Dungeons%20%26%20Dragons%20-%20Slayer.pdf,4408091,605191a3e7801b164ded356c0badafe1,,,Advanced Dungeons & Dragons - Slayer.pdf
docs/3DO/Manuals/Alone in the Dark 2.pdf,https://archive.org/download/mister-manuals/1993_3DO%20Interactive%20Multiplayer.zip/1993_3DO%20Interactive%20Multiplayer%2FAlone%20in%20the%20Dark%202.pdf,3948687,26cf97a49c6578610d7d211d57a821e3,,,Alone in the Dark 2.pdf
docs/3DO/Manuals/Alone in the Dark.pdf,https://archive.org/download/mister-manuals/1993_3DO%20Interactive%20Multiplayer.zip/1993_3DO%20Interactive%20Multiplayer%2FAlone%20in%20the%20Dark.pdf,1248132,2bddd0ffce29d808976a315a8eeda4d4,,,Alone in the Dark.pdf
"docs/3DO/Manuals/Animals!, The.pdf",https://archive.org/download/mister-manuals/1993_3DO%20Interactive%20Multiplayer.zip/1993_3DO%20Interactive%20Multiplayer%2FAnimals%21%2C%20The.pdf,1617697,ed4b8e71aed70c91a3269a3ecf061719,,,"Animals!, The.pdf"
docs/3DO/Manuals/BC Racers.pdf,https://archive.org/download/mister-manuals/1993_3DO%20Interactive%20Multiplayer.zip/1993_3DO%20Interactive%20Multiplayer%2FBC%20Racers.pdf,2525809,dac6f8926a816d84dc3f9c31affaaa90,,,BC Racers.pdf
docs/3DO/Manuals/Ballz - The Director_s Cut.pdf,https://archive.org/download/mister-manuals/1993_3DO%20Interactive%20Multiplayer.zip/1993_3DO%20Interactive%20Multiplayer%2FBallz%20-%20The%20Director_s%20Cut.pdf,1795797,c2081b1a2e8d2aaecf42e0fc524ae942,,,Ballz - The Director_s Cut.pdf
docs/3DO/Manuals/Battle Chess.pdf,https://archive.org/download/mister-manuals/1993_3DO%20Interactive%20Multiplayer.zip/1993_3DO%20Interactive%20Multiplayer%2FBattle%20Chess.pdf,4636307,1a5ea92fe05f7d0129d57ce8c9a59c09,,,Battle Chess.pdf
docs/3DO/Manuals/BattleSport.pdf,https://archive.org/download/mister-manuals/1993_3DO%20Interactive%20Multiplayer.zip/1993_3DO%20Interactive%20Multiplayer%2FBattleSport.pdf,2036440,216c90f39075888ea2d6a1680d183801,,,BattleSport.pdf
docs/3DO/Manuals/Blade Force.pdf,https://archive.org/download/mister-manuals/1993_3DO%20Interactive%20Multiplayer.zip/1993_3DO%20Interactive%20Multiplayer%2FBlade%20Force.pdf,2001215,d51bcfe10c136a8ce3bfebf01d54a691,,,Blade Force.pdf
docs/3DO/Manuals/Brain Dead 13.pdf,https://archive.org/download/mister-manuals/1993_3DO%20Interactive%20Multiplayer.zip/1993_3DO%20Interactive%20Multiplayer%2FBrain%20Dead%2013.pdf,1291636,069f1fde1b4df8a819171572f27d9278,,,Brain Dead 13.pdf
docs/3DO/Manuals/Bust-A-Move.pdf,https://archive.org/download/mister-manuals/1993_3DO%20Interactive%20Multiplayer.zip/1993_3DO%20Interactive%20Multiplayer%2FBust-A-Move.pdf,1704696,957d1dd15576078a3b455033d398e414,,,Bust-A-Move.pdf
docs/3DO/Manuals/Cannon Fodder.pdf,https://archive.org/download/mister-manuals/1993_3DO%20Interactive%20Multiplayer.zip/1993_3DO%20Interactive%20Multiplayer%2FCannon%20Fodder.pdf,3308101,bf56fbb6bc6855acbc26b77725cf8e5e,,,Cannon Fodder.pdf
docs/3DO/Manuals/Captain Quazar.pdf,https://archive.org/download/mister-manuals/1993_3DO%20Interactive%20Multiplayer.zip/1993_3DO%20Interactive%20Multiplayer%2FCaptain%20Quazar.pdf,1220540,84764ce34688cd6495cd55c2d385540c,,,Captain Quazar.pdf
docs/3DO/Manuals/Carrier - Fortress at Sea.pdf,https://archive.org/download/mister-manuals/1993_3DO%20Interactive%20Multiplayer.zip/1993_3DO%20Interactive%20Multiplayer%2FCarrier%20-%20Fortress%20at%20Sea.pdf,1068303,cd7b7fb7d190d0fc5500e0999af698db,,,Carrier - Fortress at Sea.pdf
docs/3DO/Manuals/Casper.pdf,https://archive.org/download/mister-manuals/1993_3DO%20Interactive%20Multiplayer.zip/1993_3DO%20Interactive%20Multiplayer%2FCasper.pdf,2488714,7f2164740140f0f6d5be516a4a1974aa,,,Casper.pdf
docs/3DO/Manuals/Club 3DO - Station Invasion.pdf,https://archive.org/download/mister-manuals/1993_3DO%20Interactive%20Multiplayer.zip/1993_3DO%20Interactive%20Multiplayer%2FClub%203DO%20-%20Station%20Invasion.pdf,1799901,e65c3be265577396eb69b383e83c7fef,,,Club 3DO - Station Invasion.pdf
docs/3DO/Manuals/Corpse Killer.pdf,https://archive.org/download/mister-manuals/1993_3DO%20Interactive%20Multiplayer.zip/1993_3DO%20Interactive%20Multiplayer%2FCorpse%20Killer.pdf,4114053,437380e35ad3705cab83c348b4c13fc1,,,Corpse Killer.pdf
docs/3DO/Manuals/Crash _n Burn.pdf,https://archive.org/download/mister-manuals/1993_3DO%20Interactive%20Multiplayer.zip/1993_3DO%20Interactive%20Multiplayer%2FCrash%20_n%20Burn.pdf,1846794,506c22d2e8b6410a519cfd91001a295e,,,Crash _n Burn.pdf
docs/3DO/Manuals/Creature Shock.pdf,https://archive.org/download/mister-manuals/1993_3DO%20Interactive%20Multiplayer.zip/1993_3DO%20Interactive%20Multiplayer%2FCreature%20Shock.pdf,1305085,f592e98ab1e1be4adc328d8787b37cc1,,,Creature Shock.pdf
docs/3DO/Manuals/Crime Patrol .pdf,https://archive.org/download/mister-manuals/1993_3DO%20Interactive%20Multiplayer.zip/1993_3DO%20Interactive%20Multiplayer%2FCrime%20Patrol%20.pdf,681056,552a21490bf24b634336d66e488ff164,,,Crime Patrol .pdf
docs/3DO/Manuals/Crime Patrol 2 - Drug Wars.pdf,https://archive.org/download/mister-manuals/1993_3DO%20Interactive%20Multiplayer.zip/1993_3DO%20Interactive%20Multiplayer%2FCrime%20Patrol%202%20-%20Drug%20Wars.pdf,661877,1d862689da7263a3f2c73c88a3b19954,,,Crime Patrol 2 - Drug Wars.pdf
docs/3DO/Manuals/Cyberia.pdf,https://archive.org/download/mister-manuals/1993_3DO%20Interactive%20Multiplayer.zip/1993_3DO%20Interactive%20Multiplayer%2FCyberia.pdf,4074487,51a331310158e23902fe632159a41f2f,,,Cyberia.pdf
docs/3DO/Manuals/D.pdf,https://archive.org/download/mister-manuals/1993_3DO%20Interactive%20Multiplayer.zip/1993_3DO%20Interactive%20Multiplayer%2FD.pdf,3771556,7fca065a79f163d8cb96e69a53dc7d06,,,D.pdf
docs/3DO/Manuals/DOOM.pdf,https://archive.org/download/mister-manuals/1993_3DO%20Interactive%20Multiplayer.zip/1993_3DO%20Interactive%20Multiplayer%2FDOOM.pdf,1152945,0b7668a79d4eab3763a607f4f716921d,,,DOOM.pdf
"docs/3DO/Manuals/Daedalus Encounter, The.pdf",https://archive.org/download/mister-manuals/1993_3DO%20Interactive%20Multiplayer.zip/1993_3DO%20Interactive%20Multiplayer%2FDaedalus%20Encounter%2C%20The.pdf,1591682,53ddfb3294db4329780e659f6ac813f7,,,"Daedalus Encounter, The.pdf"
docs/3DO/Manuals/Demolition Man.pdf,https://archive.org/download/mister-manuals/1993_3DO%20Interactive%20Multiplayer.zip/1993_3DO%20Interactive%20Multiplayer%2FDemolition%20Man.pdf,1150512,b2d1843395e147ac93d58da936512a8c,,,Demolition Man.pdf
docs/3DO/Manuals/Dennis Miller - That_s News to Me.pdf,https://archive.org/download/mister-manuals/1993_3DO%20Interactive%20Multiplayer.zip/1993_3DO%20Interactive%20Multiplayer%2FDennis%20Miller%20-%20That_s%20News%20to%20Me.pdf,219804,848d7301344d87fbae4825f55ae12711,,,Dennis Miller - That_s News to Me.pdf
docs/3DO/Manuals/Digital Dreamware.pdf,https://archive.org/download/mister-manuals/1993_3DO%20Interactive%20Multiplayer.zip/1993_3DO%20Interactive%20Multiplayer%2FDigital%20Dreamware.pdf,1950055,eb1185f56a5208b93cf689b864af7be9,,,Digital Dreamware.pdf
docs/3DO/Manuals/DinoPark Tycoon.pdf,https://archive.org/download/mister-manuals/1993_3DO%20Interactive%20Multiplayer.zip/1993_3DO%20Interactive%20Multiplayer%2FDinoPark%20Tycoon.pdf,2361211,deb706f79276f0fff4179a0255cd287e,,,DinoPark Tycoon.pdf
docs/3DO/Manuals/Dragon Lore - The Legend Begins.pdf,https://archive.org/download/mister-manuals/1993_3DO%20Interactive%20Multiplayer.zip/1993_3DO%20Interactive%20Multiplayer%2FDragon%20Lore%20-%20The%20Legend%20Begins.pdf,3682832,69ea17f727d7bf3c20d5f2785fe1c9c0,,,Dragon Lore - The Legend Begins.pdf
docs/3DO/Manuals/Dragon_s Lair.pdf,https://archive.org/download/mister-manuals/1993_3DO%20Interactive%20Multiplayer.zip/1993_3DO%20Interactive%20Multiplayer%2FDragon_s%20Lair.pdf,3690679,9981b7e99ba2c3a5b107a4e28ace663d,,,Dragon_s Lair.pdf
docs/3DO/Manuals/ESPN Baseball - Interactive Hitting.pdf,https://archive.org/download/mister-manuals/1993_3DO%20Interactive%20Multiplayer.zip/1993_3DO%20Interactive%20Multiplayer%2FESPN%20Baseball%20-%20Interactive%20Hitting.pdf,1160209,cdf27285c37196feca2b5687c5be0110,,,ESPN Baseball - Interactive Hitting.pdf
docs/3DO/Manuals/ESPN Golf - Lower Your Score with Tom Kite - Shot Making.pdf,https://archive.org/download/mister-manuals/1993_3DO%20Interactive%20Multiplayer.zip/1993_3DO%20Interactive%20Multiplayer%2FESPN%20Golf%20-%20Lower%20Your%20Score%20with%20Tom%20Kite%20-%20Shot%20Making.pdf,3995625,fcc5ba3635ed57cf9e7199b78878ee0e,,,ESPN Golf - Lower Your Score with Tom Kite - Shot Making.pdf
docs/3DO/Manuals/ESPN Let_s Go Skiing.pdf,https://archive.org/download/mister-manuals/1993_3DO%20Interactive%20Multiplayer.zip/1993_3DO%20Interactive%20Multiplayer%2FESPN%20Let_s%20Go%20Skiing.pdf,3056339,0ff796c502d5b8d8a377695449102644,,,ESPN Let_s Go Skiing.pdf
docs/3DO/Manuals/ESPN Let_s Play Soccer.pdf,https://archive.org/download/mister-manuals/1993_3DO%20Interactive%20Multiplayer.zip/1993_3DO%20Interactive%20Multiplayer%2FESPN%20Let_s%20Play%20Soccer.pdf,3090501,dc586fbfc924d384cb3f6f84b7fecca1,,,ESPN Let_s Play Soccer.pdf
docs/3DO/Manuals/ESPN Step Aerobics.pdf,https://archive.org/download/mister-manuals/1993_3DO%20Interactive%20Multiplayer.zip/1993_3DO%20Interactive%20Multiplayer%2FESPN%20Step%20Aerobics.pdf,3003966,23e472cb65f7f9417032b8010ac96296,,,ESPN Step Aerobics.pdf
docs/3DO/Manuals/Escape from Monster Manor.pdf,https://archive.org/download/mister-manuals/1993_3DO%20Interactive%20Multiplayer.zip/1993_3DO%20Interactive%20Multiplayer%2FEscape%20from%20Monster%20Manor.pdf,1450676,f5cf5564951fd28163b7d798f471ee8c,,,Escape from Monster Manor.pdf
docs/3DO/Manuals/FIFA International Soccer.pdf,https://archive.org/download/mister-manuals/1993_3DO%20Interactive%20Multiplayer.zip/1993_3DO%20Interactive%20Multiplayer%2FFIFA%20International%20Soccer.pdf,4774806,9f25ea6e43197da4d9e24ad09b17c310,,,FIFA International Soccer.pdf
docs/3DO/Manuals/Family Feud.pdf,https://archive.org/download/mister-manuals/1993_3DO%20Interactive%20Multiplayer.zip/1993_3DO%20Interactive%20Multiplayer%2FFamily%20Feud.pdf,2094385,fc31b74b5b36db752aa9460a65ebf225,,,Family Feud.pdf
docs/3DO/Manuals/Fatty Bear_s Birthday Surprise.pdf,https://archive.org/download/mister-manuals/1993_3DO%20Interactive%20Multiplayer.zip/1993_3DO%20Interactive%20Multiplayer%2FFatty%20Bear_s%20Birthday%20Surprise.pdf,2358327,29071a8f886d2998746529951bfcd381,,,Fatty Bear_s Birthday Surprise.pdf
docs/3DO/Manuals/Fatty Bear_s Funpack.pdf,https://archive.org/download/mister-manuals/1993_3DO%20Interactive%20Multiplayer.zip/1993_3DO%20Interactive%20Multiplayer%2FFatty%20Bear_s%20Funpack.pdf,2285699,987812a65b6b76b02c06b494aa8bd8e6,,,Fatty Bear_s Funpack.pdf
docs/3DO/Manuals/Flashback - The Quest for Identity.pdf,https://archive.org/download/mister-manuals/1993_3DO%20Interactive%20Multiplayer.zip/1993_3DO%20Interactive%20Multiplayer%2FFlashback%20-%20The%20Quest%20for%20Identity.pdf,1611565,bbec35fd19ac705df56431735f79b1c6,,,Flashback - The Quest for Identity.pdf
docs/3DO/Manuals/Flying Nightmares.pdf,https://archive.org/download/mister-manuals/1993_3DO%20Interactive%20Multiplayer.zip/1993_3DO%20Interactive%20Multiplayer%2FFlying%20Nightmares.pdf,3914643,2240648ed48e6a93ad0c3e54bc737f62,,,Flying Nightmares.pdf
docs/3DO/Manuals/Foes of Ali.pdf,https://archive.org/download/mister-manuals/1993_3DO%20Interactive%20Multiplayer.zip/1993_3DO%20Interactive%20Multiplayer%2FFoes%20of%20Ali.pdf,2273909,75fdb28d160e78922e1f1f5aecbf12b9,,,Foes of Ali.pdf
docs/3DO/Manuals/Gex.pdf,https://archive.org/download/mister-manuals/1993_3DO%20Interactive%20Multiplayer.zip/1993_3DO%20Interactive%20Multiplayer%2FGex.pdf,1977697,ef4ff1d8b3d28a9090406f0fb4555dd0,,,Gex.pdf
docs/3DO/Manuals/Gridders.pdf,https://archive.org/download/mister-manuals/1993_3DO%20Interactive%20Multiplayer.zip/1993_3DO%20Interactive%20Multiplayer%2FGridders.pdf,1057141,42942c20fe71beb69fa48808c37fe612,,,Gridders.pdf
docs/3DO/Manuals/Hell - A Cyberpunk Thriller.pdf,https://archive.org/download/mister-manuals/1993_3DO%20Interactive%20Multiplayer.zip/1993_3DO%20Interactive%20Multiplayer%2FHell%20-%20A%20Cyberpunk%20Thriller.pdf,1590242,52686b26263d67a43c69260543e58d4e,,,Hell - A Cyberpunk Thriller.pdf
"docs/3DO/Manuals/Horde, The.pdf",https://archive.org/download/mister-manuals/1993_3DO%20Interactive%20Multiplayer.zip/1993_3DO%20Interactive%20Multiplayer%2FHorde%2C%20The.pdf,2602011,8932057d65839f007cca44e240218c7c,,,"Horde, The.pdf"
docs/3DO/Manuals/Immercenary.pdf,https://archive.org/download/mister-manuals/1993_3DO%20Interactive%20Multiplayer.zip/1993_3DO%20Interactive%20Multiplayer%2FImmercenary.pdf,2624909,def3357eb2baefa62ad3e08823b54626,,,Immercenary.pdf
"docs/3DO/Manuals/Incredible Machine, The.pdf",https://archive.org/download/mister-manuals/1993_3DO%20Interactive%20Multiplayer.zip/1993_3DO%20Interactive%20Multiplayer%2FIncredible%20Machine%2C%20The.pdf,4141868,7c2ff600ce57b7f73ec1e92f7c01863e,,,"Incredible Machine, The.pdf"
docs/3DO/Manuals/Iron Angel of the Apocalypse.pdf,https://archive.org/download/mister-manuals/1993_3DO%20Interactive%20Multiplayer.zip/1993_3DO%20Interactive%20Multiplayer%2FIron%20Angel%20of%20the%20Apocalypse.pdf,4520441,4eb715161c033734d203408423a121e3,,,Iron Angel of the Apocalypse.pdf
docs/3DO/Manuals/Jammit.pdf,https://archive.org/download/mister-manuals/1993_3DO%20Interactive%20Multiplayer.zip/1993_3DO%20Interactive%20Multiplayer%2FJammit.pdf,2857774,76a9d51893aa6d2e1a1d845f7a0b6223,,,Jammit.pdf
docs/3DO/Manuals/John Madden Football.pdf,https://archive.org/download/mister-manuals/1993_3DO%20Interactive%20Multiplayer.zip/1993_3DO%20Interactive%20Multiplayer%2FJohn%20Madden%20Football.pdf,2592078,0259629a3be92abc7878a523883ca01f,,,John Madden Football.pdf
docs/3DO/Manuals/Johnny Bazookatone.pdf,https://archive.org/download/mister-manuals/1993_3DO%20Interactive%20Multiplayer.zip/1993_3DO%20Interactive%20Multiplayer%2FJohnny%20Bazookatone.pdf,1674022,6a9056a329b281a08193aa18880abe1e,,,Johnny Bazookatone.pdf
docs/3DO/Manuals/Jurassic Park Interactive.pdf,https://archive.org/download/mister-manuals/1993_3DO%20Interactive%20Multiplayer.zip/1993_3DO%20Interactive%20Multiplayer%2FJurassic%20Park%20Interactive.pdf,1742616,7d0d4dd1844c19b087b70f9e55c08187,,,Jurassic Park Interactive.pdf
docs/3DO/Manuals/Killing Time.pdf,https://archive.org/download/mister-manuals/1993_3DO%20Interactive%20Multiplayer.zip/1993_3DO%20Interactive%20Multiplayer%2FKilling%20Time.pdf,1975101,40ea603a30222b7ced94d4e58dadb8af,,,Killing Time.pdf
docs/3DO/Manuals/Kingdom - The Far Reaches.pdf,https://archive.org/download/mister-manuals/1993_3DO%20Interactive%20Multiplayer.zip/1993_3DO%20Interactive%20Multiplayer%2FKingdom%20-%20The%20Far%20Reaches.pdf,3821858,8592d26545f40b3b9963a230be981c98,,,Kingdom - The Far Reaches.pdf
"docs/3DO/Manuals/Last Bounty Hunter, The.pdf",https://archive.org/download/mister-manuals/1993_3DO%20Interactive%20Multiplayer.zip/1993_3DO%20Interactive%20Multiplayer%2FLast%20Bounty%20Hunter%2C%20The.pdf,3290374,41114f378044946faaacb38dfa07d153,,,"Last Bounty Hunter, The.pdf"
docs/3DO/Manuals/Lemmings.pdf,https://archive.org/download/mister-manuals/1993_3DO%20Interactive%20Multiplayer.zip/1993_3DO%20Interactive%20Multiplayer%2FLemmings.pdf,1188678,68622d7365c8af2fdfe0f7c6a7d875bb,,,Lemmings.pdf
"docs/3DO/Manuals/Life Stage, The - Virtual House.pdf",https://archive.org/download/mister-manuals/1993_3DO%20Interactive%20Multiplayer.zip/1993_3DO%20Interactive%20Multiplayer%2FLife%20Stage%2C%20The%20-%20Virtual%20House.pdf,2869641,761782ae366e726251520aaa0841cb71,,,"Life Stage, The - Virtual House.pdf"
docs/3DO/Manuals/Lost Eden.pdf,https://archive.org/download/mister-manuals/1993_3DO%20Interactive%20Multiplayer.zip/1993_3DO%20Interactive%20Multiplayer%2FLost%20Eden.pdf,1933415,6e7869c1b536dcaeb4c9719ecc5efa8c,,,Lost Eden.pdf
"docs/3DO/Manuals/Lost Files of Sherlock Holmes, The.pdf",https://archive.org/download/mister-manuals/1993_3DO%20Interactive%20Multiplayer.zip/1993_3DO%20Interactive%20Multiplayer%2FLost%20Files%20of%20Sherlock%20Holmes%2C%20The.pdf,2540510,571ac55f3a05a0dc3953a48beffc405e,,,"Lost Files of Sherlock Holmes, The.pdf"
docs/3DO/Manuals/Lucienne_s Quest.pdf,https://archive.org/download/mister-manuals/1993_3DO%20Interactive%20Multiplayer.zip/1993_3DO%20Interactive%20Multiplayer%2FLucienne_s%20Quest.pdf,2240510,0f071855c9ce68db3c5cf10d4407dee0,,,Lucienne_s Quest.pdf
docs/3DO/Manuals/Mad Dog II - The Lost Gold.pdf,https://archive.org/download/mister-manuals/1993_3DO%20Interactive%20Multiplayer.zip/1993_3DO%20Interactive%20Multiplayer%2FMad%20Dog%20II%20-%20The%20Lost%20Gold.pdf,628704,08a383bf77ebc71a71db26a84f9c9379,,,Mad Dog II - The Lost Gold.pdf
docs/3DO/Manuals/Mad Dog McCree.pdf,https://archive.org/download/mister-manuals/1993_3DO%20Interactive%20Multiplayer.zip/1993_3DO%20Interactive%20Multiplayer%2FMad%20Dog%20McCree.pdf,3080351,3c5b512e36bf5074123c4ebed82adbc3,,,Mad Dog McCree.pdf
docs/3DO/Manuals/Mathemagics - An Interactive Learning Cube.pdf,https://archive.org/download/mister-manuals/1993_3DO%20Interactive%20Multiplayer.zip/1993_3DO%20Interactive%20Multiplayer%2FMathemagics%20-%20An%20Interactive%20Learning%20Cube.pdf,3921799,11e9f61af63a7801370be69dcde81ba4,,,Mathemagics - An Interactive Learning Cube.pdf
docs/3DO/Manuals/Mazer.pdf,https://archive.org/download/mister-manuals/1993_3DO%20Interactive%20Multiplayer.zip/1993_3DO%20Interactive%20Multiplayer%2FMazer.pdf,2438359,9ad19a492f0949f600c8de9ec7f1a480,,,Mazer.pdf
docs/3DO/Manuals/MegaRace.pdf,https://archive.org/download/mister-manuals/1993_3DO%20Interactive%20Multiplayer.zip/1993_3DO%20Interactive%20Multiplayer%2FMegaRace.pdf,1857774,2e8d3db060b92f7d6b878d815406e0d3,,,MegaRace.pdf
docs/3DO/Manuals/Microcosm.pdf,https://archive.org/download/mister-manuals/1993_3DO%20Interactive%20Multiplayer.zip/1993_3DO%20Interactive%20Multiplayer%2FMicrocosm.pdf,4033105,2bcd75b520cf5c63fcf96a4ff40de031,,,Microcosm.pdf
docs/3DO/Manuals/Myst.pdf,https://archive.org/download/mister-manuals/1993_3DO%20Interactive%20Multiplayer.zip/1993_3DO%20Interactive%20Multiplayer%2FMyst.pdf,3644217,a50949acf0a7fdea84180936ff98ea71,,,Myst.pdf
"docs/3DO/Manuals/Need for Speed, The.pdf",https://archive.org/download/mister-manuals/1993_3DO%20Interactive%20Multiplayer.zip/1993_3DO%20Interactive%20Multiplayer%2FNeed%20for%20Speed%2C%20The.pdf,2635398,d37ce45a9275c05c00da2dd5469be40b,,,"Need for Speed, The.pdf"
docs/3DO/Manuals/NeuroDancer - Journey into the Neuronet!.pdf,https://archive.org/download/mister-manuals/1993_3DO%20Interactive%20Multiplayer.zip/1993_3DO%20Interactive%20Multiplayer%2FNeuroDancer%20-%20Journey%20into%20the%20Neuronet%21.pdf,4020781,7ef696b61d418d14020666639e0e7e57,,,NeuroDancer - Journey into the Neuronet!.pdf
docs/3DO/Manuals/Novastorm.pdf,https://archive.org/download/mister-manuals/1993_3DO%20Interactive%20Multiplayer.zip/1993_3DO%20Interactive%20Multiplayer%2FNovastorm.pdf,2474468,ff4397f78bd6be9237d1c0d6ae163ff7,,,Novastorm.pdf
docs/3DO/Manuals/Oceans Below.pdf,https://archive.org/download/mister-manuals/1993_3DO%20Interactive%20Multiplayer.zip/1993_3DO%20Interactive%20Multiplayer%2FOceans%20Below.pdf,1905202,aa7edfa23c2b3a87b4c080c9283e0f63,,,Oceans Below.pdf
docs/3DO/Manuals/Off-World Interceptor.pdf,https://archive.org/download/mister-manuals/1993_3DO%20Interactive%20Multiplayer.zip/1993_3DO%20Interactive%20Multiplayer%2FOff-World%20Interceptor.pdf,2580757,905b6cc955deb166c8e126fc7876bd67,,,Off-World Interceptor.pdf
docs/3DO/Manuals/Olympic Soccer.pdf,https://archive.org/download/mister-manuals/1993_3DO%20Interactive%20Multiplayer.zip/1993_3DO%20Interactive%20Multiplayer%2FOlympic%20Soccer.pdf,1316145,dbede7f8a9776c91fa6248cad5088863,,,Olympic Soccer.pdf
docs/3DO/Manuals/Olympic Summer Games - Atlanta 1996.pdf,https://archive.org/download/mister-manuals/1993_3DO%20Interactive%20Multiplayer.zip/1993_3DO%20Interactive%20Multiplayer%2FOlympic%20Summer%20Games%20-%20Atlanta%201996.pdf,1234222,b318d085a59755cb740d1a375de9b226,,,Olympic Summer Games - Atlanta 1996.pdf
docs/3DO/Manuals/Out of This World.pdf,https://archive.org/download/mister-manuals/1993_3DO%20Interactive%20Multiplayer.zip/1993_3DO%20Interactive%20Multiplayer%2FOut%20of%20This%20World.pdf,1442881,107e799d9854c793d26731b2b62c39bc,,,Out of This World.pdf
docs/3DO/Manuals/PGA Tour 96.pdf,https://archive.org/download/mister-manuals/1993_3DO%20Interactive%20Multiplayer.zip/1993_3DO%20Interactive%20Multiplayer%2FPGA%20Tour%2096.pdf,3029094,85a5de6f0672bab152d68bcc5af530ce,,,PGA Tour 96.pdf
docs/3DO/Manuals/PO_ed.pdf,https://archive.org/download/mister-manuals/1993_3DO%20Interactive%20Multiplayer.zip/1993_3DO%20Interactive%20Multiplayer%2FPO_ed.pdf,1202249,3f7f539bd872c6da6e85703305782638,,,PO_ed.pdf
docs/3DO/Manuals/PaTaank.pdf,https://archive.org/download/mister-manuals/1993_3DO%20Interactive%20Multiplayer.zip/1993_3DO%20Interactive%20Multiplayer%2FPaTaank.pdf,1479949,ef9ae2c052e835138c6d883c95f56a39,,,PaTaank.pdf
docs/3DO/Manuals/Panzer General.pdf,https://archive.org/download/mister-manuals/1993_3DO%20Interactive%20Multiplayer.zip/1993_3DO%20Interactive%20Multiplayer%2FPanzer%20General.pdf,4306584,86ae8de0bef74f24fb042b26b3c8516b,,,Panzer General.pdf
docs/3DO/Manuals/Pebble Beach Golf Links.pdf,https://archive.org/download/mister-manuals/1993_3DO%20Interactive%20Multiplayer.zip/1993_3DO%20Interactive%20Multiplayer%2FPebble%20Beach%20Golf%20Links.pdf,2208382,6c28ff212485c2fe5f7e1449f21e0a4d,,,Pebble Beach Golf Links.pdf
"docs/3DO/Manuals/Perfect General, The.pdf",https://archive.org/download/mister-manuals/1993_3DO%20Interactive%20Multiplayer.zip/1993_3DO%20Interactive%20Multiplayer%2FPerfect%20General%2C%20The.pdf,1544875,3072a80c606f1b161c9c8e7dfdb406e6,,,"Perfect General, The.pdf"
docs/3DO/Manuals/Phoenix 3.pdf,https://archive.org/download/mister-manuals/1993_3DO%20Interactive%20Multiplayer.zip/1993_3DO%20Interactive%20Multiplayer%2FPhoenix%203.pdf,1534684,614ab938feeb64ff3966790ed9ff483f,,,Phoenix 3.pdf
docs/3DO/Manuals/Plumbers Don_t Wear Ties.pdf,https://archive.org/download/mister-manuals/1993_3DO%20Interactive%20Multiplayer.zip/1993_3DO%20Interactive%20Multiplayer%2FPlumbers%20Don_t%20Wear%20Ties.pdf,1016694,84b1680b675bdda0afde5e76ffcba2ce,,,Plumbers Don_t Wear Ties.pdf
docs/3DO/Manuals/Primal Rage.pdf,https://archive.org/download/mister-manuals/1993_3DO%20Interactive%20Multiplayer.zip/1993_3DO%20Interactive%20Multiplayer%2FPrimal%20Rage.pdf,1125875,07485fec654ec417f85311ca0cf8e572,,,Primal Rage.pdf
docs/3DO/Manuals/Psychic Detective.pdf,https://archive.org/download/mister-manuals/1993_3DO%20Interactive%20Multiplayer.zip/1993_3DO%20Interactive%20Multiplayer%2FPsychic%20Detective.pdf,3312171,9a726cd6618c637b31f556708376c6d4,,,Psychic Detective.pdf
docs/3DO/Manuals/Quarantine.pdf,https://archive.org/download/mister-manuals/1993_3DO%20Interactive%20Multiplayer.zip/1993_3DO%20Interactive%20Multiplayer%2FQuarantine.pdf,2781317,1e552a19fb539843e25b9652a5eaa142,,,Quarantine.pdf
docs/3DO/Manuals/Quarterback Attack with Mike Ditka.pdf,https://archive.org/download/mister-manuals/1993_3DO%20Interactive%20Multiplayer.zip/1993_3DO%20Interactive%20Multiplayer%2FQuarterback%20Attack%20with%20Mike%20Ditka.pdf,2124786,b9a46e335d86ab7bcc884e2e60158526,,,Quarterback Attack with Mike Ditka.pdf
docs/3DO/Manuals/Real Pinball.pdf,https://archive.org/download/mister-manuals/1993_3DO%20Interactive%20Multiplayer.zip/1993_3DO%20Interactive%20Multiplayer%2FReal%20Pinball.pdf,3536427,2b45694ef0c69c14678ef21b7d5bda82,,,Real Pinball.pdf
docs/3DO/Manuals/Return Fire.pdf,https://archive.org/download/mister-manuals/1993_3DO%20Interactive%20Multiplayer.zip/1993_3DO%20Interactive%20Multiplayer%2FReturn%20Fire.pdf,319933,148ecba9f76a1377572b9ddbd6989827,,,Return Fire.pdf
docs/3DO/Manuals/Road Rash.pdf,https://archive.org/download/mister-manuals/1993_3DO%20Interactive%20Multiplayer.zip/1993_3DO%20Interactive%20Multiplayer%2FRoad%20Rash.pdf,1831868,f893df5f2e44780861be65520b013a36,,,Road Rash.pdf
docs/3DO/Manuals/Samurai Shodown.pdf,https://archive.org/download/mister-manuals/1993_3DO%20Interactive%20Multiplayer.zip/1993_3DO%20Interactive%20Multiplayer%2FSamurai%20Shodown.pdf,1687229,c1dc5ba77446d978848b3c4be712b815,,,Samurai Shodown.pdf
docs/3DO/Manuals/Scramble Cobra.pdf,https://archive.org/download/mister-manuals/1993_3DO%20Interactive%20Multiplayer.zip/1993_3DO%20Interactive%20Multiplayer%2FScramble%20Cobra.pdf,1402583,efe0ecdaae1bea83b1c1f25486f958ca,,,Scramble Cobra.pdf
docs/3DO/Manuals/Seal of the Pharaoh.pdf,https://archive.org/download/mister-manuals/1993_3DO%20Interactive%20Multiplayer.zip/1993_3DO%20Interactive%20Multiplayer%2FSeal%20of%20the%20Pharaoh.pdf,2223131,3539e110168fdaf47d47a560d4df1468,,,Seal of the Pharaoh.pdf
docs/3DO/Manuals/Sesame Street - Numbers.pdf,https://archive.org/download/mister-manuals/1993_3DO%20Interactive%20Multiplayer.zip/1993_3DO%20Interactive%20Multiplayer%2FSesame%20Street%20-%20Numbers.pdf,1444486,ad9f1437d14760fe7a25eb4b59ba0949,,,Sesame Street - Numbers.pdf
docs/3DO/Manuals/Shadow - War of Succession.pdf,https://archive.org/download/mister-manuals/1993_3DO%20Interactive%20Multiplayer.zip/1993_3DO%20Interactive%20Multiplayer%2FShadow%20-%20War%20of%20Succession.pdf,1120984,34d1418dd442a342fc513947dd4218ce,,,Shadow - War of Succession.pdf
docs/3DO/Manuals/Shanghai - Triple-Threat.pdf,https://archive.org/download/mister-manuals/1993_3DO%20Interactive%20Multiplayer.zip/1993_3DO%20Interactive%20Multiplayer%2FShanghai%20-%20Triple-Threat.pdf,3607770,543b12984c6574cca281ab8a027aea84,,,Shanghai - Triple-Threat.pdf
docs/3DO/Manuals/Shockwave.pdf,https://archive.org/download/mister-manuals/1993_3DO%20Interactive%20Multiplayer.zip/1993_3DO%20Interactive%20Multiplayer%2FShockwave.pdf,574599,ff774d1e4026e3281adc533d467b6972,,,Shockwave.pdf
docs/3DO/Manuals/Slam _n Jam _95.pdf,https://archive.org/download/mister-manuals/1993_3DO%20Interactive%20Multiplayer.zip/1993_3DO%20Interactive%20Multiplayer%2FSlam%20_n%20Jam%20_95.pdf,1572400,3df32b099d2e2449b75bcaff70c4258b,,,Slam _n Jam _95.pdf
docs/3DO/Manuals/Snow Job starring Tracy Scoggins.pdf,https://archive.org/download/mister-manuals/1993_3DO%20Interactive%20Multiplayer.zip/1993_3DO%20Interactive%20Multiplayer%2FSnow%20Job%20starring%20Tracy%20Scoggins.pdf,2181098,0c940d68852ce41b1e4071d97252f179,,,Snow Job starring Tracy Scoggins.pdf
docs/3DO/Manuals/Space Ace.pdf,https://archive.org/download/mister-manuals/1993_3DO%20Interactive%20Multiplayer.zip/1993_3DO%20Interactive%20Multiplayer%2FSpace%20Ace.pdf,3386139,34e1dd8b8bf8dc11347af5f6330b0f31,,,Space Ace.pdf
docs/3DO/Manuals/Space Hulk - Vengeance of the Blood Angels.pdf,https://archive.org/download/mister-manuals/1993_3DO%20Interactive%20Multiplayer.zip/1993_3DO%20Interactive%20Multiplayer%2FSpace%20Hulk%20-%20Vengeance%20of%20the%20Blood%20Angels.pdf,3095682,76ec77a7cd2a63fb09fff40a1942bdab,,,Space Hulk - Vengeance of the Blood Angels.pdf
docs/3DO/Manuals/Space Pirates.pdf,https://archive.org/download/mister-manuals/1993_3DO%20Interactive%20Multiplayer.zip/1993_3DO%20Interactive%20Multiplayer%2FSpace%20Pirates.pdf,3196240,7880c494f4951f9fdd5b70596d193aea,,,Space Pirates.pdf
docs/3DO/Manuals/Space Shuttle.pdf,https://archive.org/download/mister-manuals/1993_3DO%20Interactive%20Multiplayer.zip/1993_3DO%20Interactive%20Multiplayer%2FSpace%20Shuttle.pdf,1609010,ab24f56eeb7c7fddd3df0c4abd5072e1,,,Space Shuttle.pdf
docs/3DO/Manuals/Star Control II.pdf,https://archive.org/download/mister-manuals/1993_3DO%20Interactive%20Multiplayer.zip/1993_3DO%20Interactive%20Multiplayer%2FStar%20Control%20II.pdf,3712158,561310194e4a68dd7479b824aeef1d38,,,Star Control II.pdf
docs/3DO/Manuals/Star Fighter.pdf,https://archive.org/download/mister-manuals/1993_3DO%20Interactive%20Multiplayer.zip/1993_3DO%20Interactive%20Multiplayer%2FStar%20Fighter.pdf,1120027,f6ebf09b1bab0ef9e9cf9924e518b567,,,Star Fighter.pdf
docs/3DO/Manuals/Star Wars - Rebel Assault.pdf,https://archive.org/download/mister-manuals/1993_3DO%20Interactive%20Multiplayer.zip/1993_3DO%20Interactive%20Multiplayer%2FStar%20Wars%20-%20Rebel%20Assault.pdf,1418618,16e08df1d05df74a8cbc2cfd438abd44,,,Star Wars - Rebel Assault.pdf
docs/3DO/Manuals/Starblade.pdf,https://archive.org/download/mister-manuals/1993_3DO%20Interactive%20Multiplayer.zip/1993_3DO%20Interactive%20Multiplayer%2FStarblade.pdf,827328,046dfb0eb0d57fa77ec84a95acd33d86,,,Starblade.pdf
docs/3DO/Manuals/Stellar 7 - Draxon_s Revenge.pdf,https://archive.org/download/mister-manuals/1993_3DO%20Interactive%20Multiplayer.zip/1993_3DO%20Interactive%20Multiplayer%2FStellar%207%20-%20Draxon_s%20Revenge.pdf,2200463,7d351e6ec0fd49ff24e3116bc4b8027b,,,Stellar 7 - Draxon_s Revenge.pdf
docs/3DO/Manuals/Strahl.pdf,https://archive.org/download/mister-manuals/1993_3DO%20Interactive%20Multiplayer.zip/1993_3DO%20Interactive%20Multiplayer%2FStrahl.pdf,2957553,5a8f86019928d057368807dcc893d964,,,Strahl.pdf
docs/3DO/Manuals/Super Street Fighter II Turbo.pdf,https://archive.org/download/mister-manuals/1993_3DO%20Interactive%20Multiplayer.zip/1993_3DO%20Interactive%20Multiplayer%2FSuper%20Street%20Fighter%20II%20Turbo.pdf,1997466,ff8cae11776f2ac9542c2866dcd3a0a7,,,Super Street Fighter II Turbo.pdf
docs/3DO/Manuals/Super Wing Commander.pdf,https://archive.org/download/mister-manuals/1993_3DO%20Interactive%20Multiplayer.zip/1993_3DO%20Interactive%20Multiplayer%2FSuper%20Wing%20Commander.pdf,7035766,0c9487be625a62565826ddc6b534b9c5,,,Super Wing Commander.pdf
docs/3DO/Manuals/Supreme Warrior.pdf,https://archive.org/download/mister-manuals/1993_3DO%20Interactive%20Multiplayer.zip/1993_3DO%20Interactive%20Multiplayer%2FSupreme%20Warrior.pdf,3877462,d166008614fba67a3737856682b7cca0,,,Supreme Warrior.pdf
docs/3DO/Manuals/Syndicate.pdf,https://archive.org/download/mister-manuals/1993_3DO%20Interactive%20Multiplayer.zip/1993_3DO%20Interactive%20Multiplayer%2FSyndicate.pdf,3937598,9f0d4bde6d98efeebde2c3993560f5fa,,,Syndicate.pdf
docs/3DO/Manuals/Theme Park.pdf,https://archive.org/download/mister-manuals/1993_3DO%20Interactive%20Multiplayer.zip/1993_3DO%20Interactive%20Multiplayer%2FTheme%20Park.pdf,4507801,1f9411771f8b6204680f0dc6735a2a78,,,Theme Park.pdf
docs/3DO/Manuals/ToonTime...in the Classroom.pdf,https://archive.org/download/mister-manuals/1993_3DO%20Interactive%20Multiplayer.zip/1993_3DO%20Interactive%20Multiplayer%2FToonTime...in%20the%20Classroom.pdf,269982,0947d2132e1e499b4db71f18eb628b93,,,ToonTime...in the Classroom.pdf
docs/3DO/Manuals/Total Eclipse.pdf,https://archive.org/download/mister-manuals/1993_3DO%20Interactive%20Multiplayer.zip/1993_3DO%20Interactive%20Multiplayer%2FTotal%20Eclipse.pdf,1891189,cbd5ef02623184b18bb068a595d66f0d,,,Total Eclipse.pdf
docs/3DO/Manuals/Twisted - The Game Show.pdf,https://archive.org/download/mister-manuals/1993_3DO%20Interactive%20Multiplayer.zip/1993_3DO%20Interactive%20Multiplayer%2FTwisted%20-%20The%20Game%20Show.pdf,985089,ab7ab70f03ba73a1c584ed8db1be69c8,,,Twisted - The Game Show.pdf
docs/3DO/Manuals/VR Stalker.pdf,https://archive.org/download/mister-manuals/1993_3DO%20Interactive%20Multiplayer.zip/1993_3DO%20Interactive%20Multiplayer%2FVR%20Stalker.pdf,3544161,cdfc447d82d67c9a06a633d1cc2ef1d9,,,VR Stalker.pdf
docs/3DO/Manuals/Way of the Warrior.pdf,https://archive.org/download/mister-manuals/1993_3DO%20Interactive%20Multiplayer.zip/1993_3DO%20Interactive%20Multiplayer%2FWay%20of%20the%20Warrior.pdf,1792130,9686dce07019f1231ddcd781731b0672,,,Way of the Warrior.pdf
docs/3DO/Manuals/Who Shot Johnny Rock.pdf,https://archive.org/download/mister-manuals/1993_3DO%20Interactive%20Multiplayer.zip/1993_3DO%20Interactive%20Multiplayer%2FWho%20Shot%20Johnny%20Rock.pdf,674988,e7c037fbee2d34897cb7b3bc0c84e502,,,Who Shot Johnny Rock.pdf
docs/3DO/Manuals/Wing Commander III - Heart of the Tiger.pdf,https://archive.org/download/mister-manuals/1993_3DO%20Interactive%20Multiplayer.zip/1993_3DO%20Interactive%20Multiplayer%2FWing%20Commander%20III%20-%20Heart%20of%20the%20Tiger.pdf,4676265,15d4f307e35593bc1b08192679ab68c1,,,Wing Commander III - Heart of the Tiger.pdf
docs/3DO/Manuals/Wolfenstein 3D.pdf,https://archive.org/download/mister-manuals/1993_3DO%20Interactive%20Multiplayer.zip/1993_3DO%20Interactive%20Multiplayer%2FWolfenstein%203D.pdf,2885612,fcc97238579198b1e9ac2a857c3b95d8,,,Wolfenstein 3D.pdf
docs/3DO/Manuals/Woody Woodpecker and Friends - Volume 1.pdf,https://archive.org/download/mister-manuals/1993_3DO%20Interactive%20Multiplayer.zip/1993_3DO%20Interactive%20Multiplayer%2FWoody%20Woodpecker%20and%20Friends%20-%20Volume%201.pdf,2107864,523e5b90f229a7bc8d4344f0d1f2c8cd,,,Woody Woodpecker and Friends - Volume 1.pdf
docs/3DO/Manuals/Woody Woodpecker and Friends - Volume 2.pdf,https://archive.org/download/mister-manuals/1993_3DO%20Interactive%20Multiplayer.zip/1993_3DO%20Interactive%20Multiplayer%2FWoody%20Woodpecker%20and%20Friends%20-%20Volume%202.pdf,2015800,287f302664981e77b55d16739fa38d97,,,Woody Woodpecker and Friends - Volume 2.pdf
docs/3DO/Manuals/Woody Woodpecker and Friends - Volume 3.pdf,https://archive.org/download/mister-manuals/1993_3DO%20Interactive%20Multiplayer.zip/1993_3DO%20Interactive%20Multiplayer%2FWoody%20Woodpecker%20and%20Friends%20-%20Volume%203.pdf,2029821,1bd3139725af68b804047ad1ae331a04,,,Woody Woodpecker and Friends - Volume 3.pdf
docs/3DO/Manuals/World Cup Golf - Hyatt Dorado Beach.pdf,https://archive.org/download/mister-manuals/1993_3DO%20Interactive%20Multiplayer.zip/1993_3DO%20Interactive%20Multiplayer%2FWorld%20Cup%20Golf%20-%20Hyatt%20Dorado%20Beach.pdf,2413529,d91f9ec51757c9426df2258b76ca4da1,,,World Cup Golf - Hyatt Dorado Beach.pdf
docs/3DO/Manuals/Zhadnost - The People_s Party.pdf,https://archive.org/download/mister-manuals/1993_3DO%20Interactive%20Multiplayer.zip/1993_3DO%20Interactive%20Multiplayer%2FZhadnost%20-%20The%20People_s%20Party.pdf,1501079,23ba8a62104f2407e7b5cdb246e2d240,,,Zhadnost - The People_s Party.pdf
